{
  "swagger" : "2.0",
  "info" : {
    "description" : "",
    "version" : "1.0.0",
    "title" : "TZCED-EBPP430-ACTFTXIQ-G-API"
  },
  "host" : "localhost:8080",
  "basePath" : "/cicsufot/tzced-ebpp430-actftxiq-g",
  "schemes" : [ "https", "http" ],
  "consumes" : [ "application/json" ],
  "produces" : [ "application/json" ],
  "paths" : {
    "/newPath1" : {
      "post" : {
        "tags" : [ "TZCED-EBPP430-ACTFTXIQ-G-API" ],
        "operationId" : "postTZCED-EBPP430-ACTFTXIQ-G",
        "parameters" : [ {
          "name" : "Authorization",
          "in" : "header",
          "required" : false,
          "type" : "string"
        }, {
          "in" : "body",
          "name" : "postTZCED-EBPP430-ACTFTXIQ-G_request",
          "description" : "request body",
          "required" : true,
          "schema" : {
            "$ref" : "#/definitions/postTZCED-EBPP430-ACTFTXIQ-G_request"
          }
        } ],
        "responses" : {
          "200" : {
            "description" : "OK",
            "schema" : {
              "$ref" : "#/definitions/postTZCED-EBPP430-ACTFTXIQ-G_response_200"
            }
          }
        }
      }
    }
  },
  "definitions" : {
    "postTZCED-EBPP430-ACTFTXIQ-G_request" : {
      "type" : "object",
      "properties" : {
        "TZCED-EBPP430-ACTFTXIQ-GOperation" : {
          "type" : "object",
          "properties" : {
            "ZC-INPUT" : {
              "type" : "object",
              "properties" : {
                "EBP410G" : {
                  "type" : "object",
                  "properties" : {
                    "ZC_EBCOM1_HEADER" : {
                      "type" : "object",
                      "properties" : {
                        "ZC_EBCOM1_EMPLE_NO" : {
                          "type" : "string",
                          "maxLength" : 5
                        },
                        "ZC_EBCOM1_BUS_AUTH" : {
                          "type" : "string",
                          "maxLength" : 1
                        },
                        "ZC_EBCOM1_SUP_EMPLE_NO" : {
                          "type" : "string",
                          "maxLength" : 5
                        },
                        "ZC_EBCOM1_SUP_BUS_AUTH" : {
                          "type" : "string",
                          "maxLength" : 1
                        },
                        "ZC_EBCOM1_LANG" : {
                          "type" : "string",
                          "maxLength" : 1
                        },
                        "ZC_EBCOM1_IQRS" : {
                          "type" : "string",
                          "maxLength" : 2
                        },
                        "ZC_EBCOM1_AP_VRSN" : {
                          "type" : "string",
                          "maxLength" : 1
                        },
                        "ZC_EBCOM1_ETXN_CUST_DATA" : {
                          "type" : "object",
                          "properties" : {
                            "ZC_EBCOM1_CUST_ID" : {
                              "type" : "string",
                              "maxLength" : 11
                            },
                            "ZC_EBCOM1_CUST_EMPID" : {
                              "type" : "string",
                              "maxLength" : 10
                            }
                          }
                        }
                      }
                    },
                    "ZC_EBCOM1_TEXT" : {
                      "type" : "object",
                      "properties" : {
                        "P410_PY_INQ_KLEN" : {
                          "type" : "integer",
                          "minimum" : 0,
                          "maximum" : 999
                        },
                        "P410_PY_INQ_KEY" : {
                          "type" : "string",
                          "maxLength" : 100
                        },
                        "P410_PY_FEE_ACT_NO" : {
                          "type" : "string",
                          "maxLength" : 14
                        },
                        "P410_PY_CR_ID_NO" : {
                          "type" : "string",
                          "maxLength" : 11
                        },
                        "P410_PY_BEG_DATE" : {
                          "type" : "string",
                          "maxLength" : 8
                        },
                        "P410_PY_END_DATE" : {
                          "type" : "string",
                          "maxLength" : 8
                        },
                        "P410_PY_PAYSVCRQ_RQUID" : {
                          "type" : "string",
                          "maxLength" : 36
                        },
                        "P410_PY_PMTADDRQ_RQUID" : {
                          "type" : "string",
                          "maxLength" : 36
                        },
                        "P410_PY_DR_CURR" : {
                          "type" : "string",
                          "maxLength" : 3
                        }
                      }
                    },
                    "P410_REPEAT1_AREA" : {
                      "type" : "object",
                      "properties" : {
                        "P410_REPEAT1" : {
                          "type" : "array",
                          "items" : {
                            "type" : "object",
                            "properties" : {
                              "P410_PY_TXNO" : {
                                "type" : "string",
                                "maxLength" : 20
                              }
                            }
                          },
                          "maxItems" : 999,
                          "minItems" : 0
                        }
                      }
                    }
                  }
                }
              }
            }
          },
          "required" : [ "ZC-INPUT" ]
        }
      }
    },
    "postTZCED-EBPP430-ACTFTXIQ-G_response_200" : {
      "type" : "object",
      "properties" : {
        "TZCED-EBPP430-ACTFTXIQ-GOperationResponse" : {
          "type" : "object",
          "properties" : {
            "ZC-OUTPUT" : {
              "type" : "object",
              "properties" : {
                "EBTP43C" : {
                  "type" : "object",
                  "properties" : {
                    "ZCSRP_FIX_AREA" : {
                      "type" : "object",
                      "properties" : {
                        "ZCSRP_ZCSS_FLG" : {
                          "type" : "string",
                          "maxLength" : 1
                        },
                        "ZCSRP_TSQ_NAME" : {
                          "type" : "string",
                          "maxLength" : 16
                        },
                        "ZCSRP_ZCSS_MAXCNT" : {
                          "type" : "integer",
                          "minimum" : 0,
                          "maximum" : 9999
                        },
                        "ZCSRP_ZCSS_RECLEN" : {
                          "type" : "integer",
                          "minimum" : 0,
                          "maximum" : 9999
                        },
                        "ZCSRP_ZCSS_STRPOS" : {
                          "type" : "integer",
                          "minimum" : 0,
                          "maximum" : 9999
                        },
                        "ZCSRP_RETCODE" : {
                          "type" : "string",
                          "maxLength" : 4
                        },
                        "ZCSRP_MSG" : {
                          "type" : "string",
                          "maxLength" : 80
                        }
                      }
                    },
                    "ZCSRP_VAR_AREA" : {
                      "type" : "object",
                      "properties" : {
                        "TPSS_GROUP" : {
                          "type" : "object",
                          "properties" : {
                            "TPSS_STATUS_CODE" : {
                              "type" : "string",
                              "maxLength" : 4
                            },
                            "TPSS_STATUS_DESC" : {
                              "type" : "string",
                              "maxLength" : 80
                            },
                            "TPSS_TOT_CNT" : {
                              "type" : "integer",
                              "minimum" : 0,
                              "maximum" : 9999
                            },
                            "TPSS_CNT" : {
                              "type" : "integer",
                              "minimum" : 0,
                              "maximum" : 9999
                            },
                            "TPSS_INQ_KLEN" : {
                              "type" : "integer",
                              "minimum" : 0,
                              "maximum" : 999
                            },
                            "TPSS_INQ_KEY" : {
                              "type" : "string",
                              "maxLength" : 100
                            }
                          }
                        },
                        "TP43_MSG" : {
                          "type" : "array",
                          "items" : {
                            "type" : "object",
                            "properties" : {
                              "TP43_GROUP" : {
                                "type" : "object",
                                "properties" : {
                                  "TP43_DR_BANK" : {
                                    "type" : "string",
                                    "maxLength" : 11
                                  },
                                  "TP43_DR_ACT_NO" : {
                                    "type" : "string",
                                    "maxLength" : 34
                                  },
                                  "TP43_CURR" : {
                                    "type" : "string",
                                    "maxLength" : 3
                                  },
                                  "TP43_DRCR" : {
                                    "type" : "string",
                                    "maxLength" : 1
                                  },
                                  "TP43_DATE" : {
                                    "type" : "string",
                                    "maxLength" : 8
                                  },
                                  "TP43_TIME" : {
                                    "type" : "string",
                                    "maxLength" : 14
                                  },
                                  "TP43_TXN_DESC" : {
                                    "type" : "string",
                                    "maxLength" : 40
                                  },
                                  "TP43_TXN_AMT" : {
                                    "type" : "number",
                                    "format" : "decimal",
                                    "minimum" : -9999999999999.99,
                                    "maximum" : 9999999999999.99
                                  },
                                  "TP43_MEMO" : {
                                    "type" : "string",
                                    "maxLength" : 100
                                  },
                                  "TP43_EC_TXNO" : {
                                    "type" : "string",
                                    "maxLength" : 15
                                  },
                                  "TP43_AVAIL_BAL" : {
                                    "type" : "number",
                                    "format" : "decimal",
                                    "minimum" : -9999999999999.99,
                                    "maximum" : 9999999999999.99
                                  },
                                  "TP43_BIL_NO" : {
                                    "type" : "string",
                                    "maxLength" : 12
                                  },
                                  "TP43_DR_CURR" : {
                                    "type" : "string",
                                    "maxLength" : 3
                                  },
                                  "TP43_DR_BANK2" : {
                                    "type" : "string",
                                    "maxLength" : 11
                                  },
                                  "TP43_DR_BANK_NAME" : {
                                    "type" : "string",
                                    "maxLength" : 70
                                  },
                                  "TP43_DR_ACT_NO2" : {
                                    "type" : "string",
                                    "maxLength" : 34
                                  },
                                  "TP43_DR_ACT_NAME" : {
                                    "type" : "string",
                                    "maxLength" : 78
                                  },
                                  "TP43_CR_CURR" : {
                                    "type" : "string",
                                    "maxLength" : 3
                                  },
                                  "TP43_CR_BANK" : {
                                    "type" : "string",
                                    "maxLength" : 11
                                  },
                                  "TP43_CR_BANK_NAME" : {
                                    "type" : "string",
                                    "maxLength" : 70
                                  },
                                  "TP43_CR_ACT_NO" : {
                                    "type" : "string",
                                    "maxLength" : 34
                                  },
                                  "TP43_CR_ACT_NAME" : {
                                    "type" : "string",
                                    "maxLength" : 78
                                  },
                                  "TP43_RM_TYPE" : {
                                    "type" : "string",
                                    "maxLength" : 3
                                  },
                                  "TP43_FEE_CURR" : {
                                    "type" : "string",
                                    "maxLength" : 3
                                  },
                                  "TP43_FEE_AMT" : {
                                    "type" : "number",
                                    "format" : "decimal",
                                    "minimum" : -99999.99,
                                    "maximum" : 99999.99
                                  },
                                  "TP43_ID_NO_AREA" : {
                                    "type" : "object",
                                    "properties" : {
                                      "TP43_ID_NO" : {
                                        "type" : "string",
                                        "maxLength" : 10
                                      },
                                      "TP43_ID_NO_DUP" : {
                                        "type" : "string",
                                        "maxLength" : 1
                                      }
                                    }
                                  },
                                  "TP43_ACTION_BRN" : {
                                    "type" : "string",
                                    "maxLength" : 8
                                  },
                                  "TP43_VISA_DEBIT_KEY" : {
                                    "type" : "string",
                                    "maxLength" : 20
                                  },
                                  "TP43_MEGA_CLUB_MEMO" : {
                                    "type" : "string",
                                    "maxLength" : 20
                                  },
                                  "TP43_MEGA_CLUB_MEMO_KEY" : {
                                    "type" : "string",
                                    "maxLength" : 10
                                  },
                                  "TP43_GOLD_UNIT" : {
                                    "type" : "number",
                                    "format" : "decimal",
                                    "minimum" : 0,
                                    "maximum" : 999999.99
                                  },
                                  "TP43_SW70" : {
                                    "type" : "object",
                                    "properties" : {
                                      "TP43_SW70_1" : {
                                        "type" : "string",
                                        "maxLength" : 35
                                      },
                                      "TP43_SW70_2" : {
                                        "type" : "string",
                                        "maxLength" : 35
                                      },
                                      "TP43_SW70_3" : {
                                        "type" : "string",
                                        "maxLength" : 35
                                      },
                                      "TP43_SW70_4" : {
                                        "type" : "string",
                                        "maxLength" : 35
                                      }
                                    }
                                  },
                                  "TP43_WATER_NO_SEQ" : {
                                    "type" : "string",
                                    "maxLength" : 14
                                  },
                                  "TP43_TXN_RATE" : {
                                    "type" : "number",
                                    "format" : "decimal",
                                    "minimum" : 0,
                                    "maximum" : 99999.999999
                                  },
                                  "TP43_CMFHSMO_MEMO" : {
                                    "type" : "string",
                                    "maxLength" : 50
                                  },
                                  "TP43_CHANNEL" : {
                                    "type" : "string",
                                    "maxLength" : 1
                                  },
                                  "TP43_EC_FLAG" : {
                                    "type" : "string",
                                    "maxLength" : 1
                                  }
                                }
                              }
                            }
                          },
                          "maxItems" : 999,
                          "minItems" : 0
                        }
                      }
                    }
                  }
                }
              }
            }
          },
          "required" : [ "ZC-OUTPUT" ]
        }
      }
    }
  }
}